Country,Number of Games the country participated in_Summer,Gold_Summer,Silver_Summer,Bronze_Summer,Total_Summer,Number of Games the country participated in_Winter,Gold_Winter,Silver_Winter,Bronze_Winter,Total_Winter,Number of Games the country participated in_Combined,Gold_Combined,Silver_Combined,Bronze_Combined,Total_Combined
 United States (USA) [P] [Q] [R] [Z],27.0,"1,022",795,705,"2,522",23.0,105,110,90,305,50.0,"1,127",905,795,2827
 Soviet Union (URS) [URS],9.0,395,319,296,"1,010",9.0,78,57,59,194,18.0,473,376,355,1204
 Great Britain (GBR) [GBR] [Z],28.0,263,295,291,849,23.0,11,4,16,31,51.0,274,299,307,880
 Germany (GER) [GER] [Z],16.0,191,194,230,615,12.0,92,88,60,240,28.0,283,282,290,855
 France (FRA) [O] [P] [Z],28.0,212,241,263,716,23.0,36,35,53,124,51.0,248,276,316,840
 Italy (ITA) [M] [S],27.0,206,178,193,577,23.0,40,36,48,124,50.0,246,214,241,701
 Sweden (SWE) [Z],27.0,145,170,179,494,23.0,57,46,55,158,50.0,202,216,234,652
 China (CHN) [CHN],10.0,224,167,155,546,11.0,13,28,21,62,21.0,237,195,176,608
 Russia (RUS) [RUS],6.0,149,124,153,426,6.0,47,38,35,120,12.0,196,162,188,546
 Norway (NOR) [Q],25.0,56,49,47,152,23.0,132,125,111,368,48.0,188,174,158,520
 East Germany (GDR) [GDR],5.0,153,129,127,409,6.0,39,36,35,110,11.0,192,165,162,519
 Australia (AUS) [AUS] [Z],26.0,147,163,187,497,19.0,5,5,5,15,45.0,152,168,192,512
 Canada (CAN),26.0,64,102,136,302,23.0,73,64,62,199,49.0,137,166,198,501
 Hungary (HUN),26.0,175,147,169,491,23.0,1,2,4,7,49.0,176,149,173,498
 Japan (JPN),22.0,142,135,162,439,21.0,14,22,22,58,43.0,156,157,184,497
 Finland (FIN),25.0,101,85,117,303,23.0,43,63,61,167,48.0,144,148,178,470
 Netherlands (NED) [Z],26.0,85,92,108,285,21.0,45,44,41,130,47.0,130,136,149,415
 Switzerland (SUI),28.0,50,75,67,192,23.0,55,46,52,153,51.0,105,121,119,345
 South Korea (KOR),17.0,90,87,90,267,18.0,31,25,14,70,35.0,121,112,104,337
 Austria (AUT),27.0,18,33,36,87,23.0,64,81,87,232,50.0,82,114,123,319
 Romania (ROU),21.0,89,95,122,306,21.0,0,0,1,1,42.0,89,95,123,307
 Poland (POL),21.0,68,83,133,284,23.0,7,7,8,22,44.0,75,90,141,306
 West Germany (FRG) [FRG],5.0,56,67,81,204,6.0,11,15,13,39,11.0,67,82,94,243
 Cuba (CUB) [Z],20.0,78,68,79,225,0.0,0,0,0,0,20.0,78,68,79,225
 Bulgaria (BUL) [H],20.0,51,87,80,218,20.0,1,2,3,6,40.0,52,89,83,224
 Denmark (DEN) [Z],27.0,45,74,75,194,14.0,0,1,0,1,41.0,45,75,75,195
 Czechoslovakia (TCH) [TCH],16.0,49,49,45,143,16.0,2,8,15,25,32.0,51,57,60,168
 Belgium (BEL),26.0,40,53,55,148,21.0,1,2,3,6,47.0,41,55,58,154
 Spain (ESP) [Z],23.0,45,64,41,150,20.0,1,0,3,4,43.0,46,64,44,154
 United Team of Germany (EUA) [EUA],3.0,28,54,36,118,3.0,8,6,5,19,6.0,36,60,41,137
 Unified Team (EUN) [EUN],1.0,45,38,29,112,1.0,9,6,8,23,2.0,54,44,37,135
 Ukraine (UKR),6.0,35,30,56,121,7.0,3,1,4,8,13.0,38,31,60,129
 Brazil (BRA),22.0,30,36,62,128,8.0,0,0,0,0,30.0,30,36,62,128
 New Zealand (NZL) [NZL],23.0,46,27,44,117,16.0,0,1,2,3,39.0,46,28,46,120
 Greece (GRE) [Z],28.0,33,43,40,116,19.0,0,0,0,0,47.0,33,43,40,116
 Kenya (KEN),14.0,31,38,33,102,4.0,0,0,0,0,18.0,31,38,33,102
 Belarus (BLR),6.0,12,27,39,78,7.0,8,5,5,18,13.0,20,32,44,96
 Yugoslavia (YUG) [YUG],18.0,28,31,31,90,16.0,0,3,1,4,34.0,28,34,32,94
 Turkey (TUR),22.0,39,24,28,91,17.0,0,0,0,0,39.0,39,24,28,91
 Czech Republic (CZE) [CZE],6.0,15,17,24,56,7.0,9,11,11,31,13.0,24,28,35,87
 South Africa (RSA),19.0,26,31,29,86,7.0,0,0,0,0,26.0,26,31,29,86
 Jamaica (JAM) [JAM],17.0,22,35,20,77,8.0,0,0,0,0,25.0,22,35,20,77
 Argentina (ARG),24.0,21,25,28,74,19.0,0,0,0,0,43.0,21,25,28,74
 Kazakhstan (KAZ),6.0,15,20,27,62,7.0,1,3,4,8,13.0,16,23,31,70
 Iran (IRI) [K],16.0,19,22,28,69,11.0,0,0,0,0,27.0,19,22,28,69
 Mexico (MEX),23.0,13,24,32,69,9.0,0,0,0,0,32.0,13,24,32,69
 North Korea (PRK),10.0,16,16,22,54,9.0,0,1,1,2,19.0,16,17,23,56
 Ethiopia (ETH),13.0,22,11,20,53,2.0,0,0,0,0,15.0,22,11,20,53
 Croatia (CRO),7.0,11,10,12,33,8.0,4,6,1,11,15.0,15,16,13,44
 Azerbaijan (AZE),6.0,7,11,25,43,6.0,0,0,0,0,12.0,7,11,25,43
 Estonia (EST),12.0,9,9,16,34,10.0,4,2,1,7,22.0,13,11,17,41
 Slovenia (SLO),7.0,5,8,10,23,8.0,2,5,10,17,15.0,7,13,20,40
 Slovakia (SVK) [SVK],6.0,9,12,7,28,7.0,3,4,1,8,13.0,12,16,8,36
 Georgia (GEO),6.0,8,8,17,33,7.0,0,0,0,0,13.0,8,8,17,33
 Thailand (THA),16.0,9,8,16,33,4.0,0,0,0,0,20.0,9,8,16,33
 Indonesia (INA),15.0,7,13,12,32,0.0,0,0,0,0,15.0,7,13,12,32
 Egypt (EGY) [EGY] [Z],22.0,7,10,15,32,1.0,0,0,0,0,23.0,7,10,15,32
 Uzbekistan (UZB),6.0,8,6,17,31,7.0,1,0,0,1,13.0,9,6,17,32
 Ireland (IRL),21.0,9,10,12,31,7.0,0,0,0,0,28.0,9,10,12,31
 India (IND) [F],24.0,9,7,12,28,10.0,0,0,0,0,34.0,9,7,12,28
 Colombia (COL),19.0,5,9,14,28,2.0,0,0,0,0,21.0,5,9,14,28
 Latvia (LAT),11.0,3,11,5,19,11.0,0,4,4,8,22.0,3,15,9,27
 Mongolia (MGL),13.0,2,10,14,26,14.0,0,0,0,0,27.0,2,10,14,26
 Nigeria (NGR),16.0,3,10,12,25,1.0,0,0,0,0,17.0,3,10,12,25
 Lithuania (LTU),9.0,6,7,12,25,9.0,0,0,0,0,18.0,6,7,12,25
 Chinese Taipei (TPE) [TPE] [TPE2],14.0,5,7,12,24,12.0,0,0,0,0,26.0,5,7,12,24
 Portugal (POR),24.0,4,8,12,24,8.0,0,0,0,0,32.0,4,8,12,24
 Morocco (MAR),14.0,6,5,12,23,7.0,0,0,0,0,21.0,6,5,12,23
 Trinidad and Tobago (TRI) [TRI],17.0,2,6,11,19,3.0,0,0,0,0,20.0,2,6,11,19
 Algeria (ALG),13.0,5,4,8,17,3.0,0,0,0,0,16.0,5,4,8,17
 Olympic Athletes from Russia (OAR) [OAR],0.0,0,0,0,0,1.0,2,6,9,17,1.0,2,6,9,17
 Mixed team (ZZX) [ZZX],3.0,8,5,4,17,0.0,0,0,0,0,3.0,8,5,4,17
 Venezuela (VEN),18.0,2,3,10,15,4.0,0,0,0,0,22.0,2,3,10,15
 Serbia (SRB) [SRB],4.0,3,6,6,15,3.0,0,0,0,0,7.0,3,6,6,15
 Bahamas (BAH),16.0,6,2,6,14,0.0,0,0,0,0,16.0,6,2,6,14
 Armenia (ARM),6.0,2,6,6,14,7.0,0,0,0,0,13.0,2,6,6,14
 Tunisia (TUN),14.0,4,2,7,13,0.0,0,0,0,0,14.0,4,2,7,13
 Chile (CHI) [I],23.0,2,7,4,13,17.0,0,0,0,0,40.0,2,7,4,13
 Australasia (ANZ) [ANZ],2.0,3,4,5,12,0.0,0,0,0,0,2.0,3,4,5,12
 Malaysia (MAS) [MAS],13.0,0,7,4,11,1.0,0,0,0,0,14.0,0,7,4,11
 Philippines (PHI),21.0,0,3,7,10,5.0,0,0,0,0,26.0,0,3,7,10
 Uruguay (URU),21.0,2,2,6,10,1.0,0,0,0,0,22.0,2,2,6,10
 Pakistan (PAK),17.0,3,3,4,10,3.0,0,0,0,0,20.0,3,3,4,10
 Liechtenstein (LIE),17.0,0,0,0,0,19.0,2,2,6,10,36.0,2,2,6,10
 Israel (ISR),16.0,1,1,7,9,7.0,0,0,0,0,23.0,1,1,7,9
 Puerto Rico (PUR),18.0,1,2,6,9,7.0,0,0,0,0,25.0,1,2,6,9
 Russian Empire (RU1) [RU1],3.0,1,4,3,8,0.0,0,0,0,0,3.0,1,4,3,8
 Zimbabwe (ZIM) [ZIM],13.0,3,4,1,8,1.0,0,0,0,0,14.0,3,4,1,8
 Uganda (UGA),15.0,2,3,2,7,0.0,0,0,0,0,15.0,2,3,2,7
 Dominican Republic (DOM),14.0,3,2,2,7,0.0,0,0,0,0,14.0,3,2,2,7
 Cameroon (CMR),14.0,3,1,2,6,1.0,0,0,0,0,15.0,3,1,2,6
 Singapore (SIN),16.0,1,2,2,5,1.0,0,0,0,0,17.0,1,2,2,5
 Qatar (QAT),9.0,0,1,4,5,0.0,0,0,0,0,9.0,0,1,4,5
 Moldova (MDA),6.0,0,2,3,5,7.0,0,0,0,0,13.0,0,2,3,5
 Costa Rica (CRC),15.0,1,1,2,4,6.0,0,0,0,0,21.0,1,1,2,4
 Peru (PER) [L],18.0,1,3,0,4,2.0,0,0,0,0,20.0,1,3,0,4
 Tajikistan (TJK),6.0,1,1,2,4,4.0,0,0,0,0,10.0,1,1,2,4
 Bohemia (BOH) [BOH] [Z],3.0,0,1,3,4,0.0,0,0,0,0,3.0,0,1,3,4
 Vietnam (VIE),15.0,1,3,0,4,0.0,0,0,0,0,15.0,1,3,0,4
 Iceland (ISL),20.0,0,2,2,4,18.0,0,0,0,0,38.0,0,2,2,4
 Ghana (GHA) [GHA],14.0,0,1,3,4,2.0,0,0,0,0,16.0,0,1,3,4
 Kyrgyzstan (KGZ),6.0,0,1,3,4,7.0,0,0,0,0,13.0,0,1,3,4
 Luxembourg (LUX) [O],23.0,1,1,0,2,9.0,0,2,0,2,32.0,1,3,0,4
 Lebanon (LIB),17.0,0,2,2,4,17.0,0,0,0,0,34.0,0,2,2,4
 Namibia (NAM),7.0,0,4,0,4,0.0,0,0,0,0,7.0,0,4,0,4
 Saudi Arabia (KSA),11.0,0,1,2,3,0.0,0,0,0,0,11.0,0,1,2,3
 Independent Olympic Participants (IOP) [IOP],1.0,0,1,2,3,0.0,0,0,0,0,1.0,0,1,2,3
 Panama (PAN),17.0,1,0,2,3,0.0,0,0,0,0,17.0,1,0,2,3
 Hong Kong (HKG) [HKG],16.0,1,1,1,3,5.0,0,0,0,0,21.0,1,1,1,3
 Syria (SYR),13.0,1,1,1,3,0.0,0,0,0,0,13.0,1,1,1,3
 Bahrain (BRN),9.0,2,1,0,3,0.0,0,0,0,0,9.0,2,1,0,3
 Ivory Coast (CIV) [CIV],13.0,1,1,1,3,0.0,0,0,0,0,13.0,1,1,1,3
 Independent Olympic Athletes (IOA) [IOA],3.0,1,0,1,2,0.0,0,0,0,0,3.0,1,0,1,2
 Burundi (BDI),6.0,1,1,0,2,0.0,0,0,0,0,6.0,1,1,0,2
 Tanzania (TAN) [TAN],13.0,0,2,0,2,0.0,0,0,0,0,13.0,0,2,0,2
 Suriname (SUR) [E],12.0,1,0,1,2,0.0,0,0,0,0,12.0,1,0,1,2
 British West Indies (BWI) [BWI],1.0,0,0,2,2,0.0,0,0,0,0,1.0,0,0,2,2
 Kuwait (KUW),12.0,0,0,2,2,0.0,0,0,0,0,12.0,0,0,2,2
 Sri Lanka (SRI) [SRI],17.0,0,2,0,2,0.0,0,0,0,0,17.0,0,2,0,2
 Afghanistan (AFG),14.0,0,0,2,2,0.0,0,0,0,0,14.0,0,0,2,2
 United Arab Emirates (UAE),9.0,1,0,1,2,0.0,0,0,0,0,9.0,1,0,1,2
 Serbia and Montenegro (SCG) [SCG],1.0,0,2,0,2,1.0,0,0,0,0,2.0,0,2,0,2
 Haiti (HAI) [J],15.0,0,1,1,2,0.0,0,0,0,0,15.0,0,1,1,2
 Mozambique (MOZ),10.0,1,0,1,2,0.0,0,0,0,0,10.0,1,0,1,2
 Ecuador (ECU),14.0,1,1,0,2,1.0,0,0,0,0,15.0,1,1,0,2
 Zambia (ZAM) [ZAM],13.0,0,1,1,2,0.0,0,0,0,0,13.0,0,1,1,2
 Niger (NIG),12.0,0,1,1,2,0.0,0,0,0,0,12.0,0,1,1,2
 Grenada (GRN),9.0,1,1,0,2,0.0,0,0,0,0,9.0,1,1,0,2
 Bermuda (BER),18.0,0,0,1,1,8.0,0,0,0,0,26.0,0,0,1,1
 Barbados (BAR) [BAR],12.0,0,0,1,1,0.0,0,0,0,0,12.0,0,0,1,1
 Botswana (BOT),10.0,0,1,0,1,0.0,0,0,0,0,10.0,0,1,0,1
 Virgin Islands (ISV),12.0,0,1,0,1,7.0,0,0,0,0,19.0,0,1,0,1
 Kosovo (KOS),1.0,1,0,0,1,1.0,0,0,0,0,2.0,1,0,0,1
 Tonga (TGA),9.0,0,1,0,1,2.0,0,0,0,0,11.0,0,1,0,1
 Paraguay (PAR),12.0,0,1,0,1,1.0,0,0,0,0,13.0,0,1,0,1
 Iraq (IRQ),14.0,0,0,1,1,0.0,0,0,0,0,14.0,0,0,1,1
 Macedonia (MKD),6.0,0,0,1,1,6.0,0,0,0,0,12.0,0,0,1,1
 Mauritius (MRI),9.0,0,0,1,1,0.0,0,0,0,0,9.0,0,0,1,1
 Montenegro (MNE),3.0,0,1,0,1,3.0,0,0,0,0,6.0,0,1,0,1
 Guyana (GUY) [GUY],17.0,0,0,1,1,0.0,0,0,0,0,17.0,0,0,1,1
 Netherlands Antilles (AHO) [AHO] [I],13.0,0,1,0,1,2.0,0,0,0,0,15.0,0,1,0,1
 Guatemala (GUA),14.0,0,1,0,1,1.0,0,0,0,0,15.0,0,1,0,1
 Gabon (GAB),10.0,0,1,0,1,0.0,0,0,0,0,10.0,0,1,0,1
 Togo (TOG),10.0,0,0,1,1,2.0,0,0,0,0,12.0,0,0,1,1
 Fiji (FIJ),14.0,1,0,0,1,3.0,0,0,0,0,17.0,1,0,0,1
 Eritrea (ERI),5.0,0,0,1,1,1.0,0,0,0,0,6.0,0,0,1,1
 Samoa (SAM),9.0,0,1,0,1,0.0,0,0,0,0,9.0,0,1,0,1
 Jordan (JOR),10.0,1,0,0,1,0.0,0,0,0,0,10.0,1,0,0,1
 Djibouti (DJI) [B],8.0,0,0,1,1,0.0,0,0,0,0,8.0,0,0,1,1
 Cyprus (CYP),10.0,0,1,0,1,11.0,0,0,0,0,21.0,0,1,0,1
 Sudan (SUD),12.0,0,1,0,1,0.0,0,0,0,0,12.0,0,1,0,1
 Senegal (SEN),14.0,0,1,0,1,5.0,0,0,0,0,19.0,0,1,0,1
